file,species
b2706e2b3.png,Sugar beet
90d119d25.png,Loose Silky-bent
f4e7733d4.png,Small-flowered Cranesbill
da713c465.png,Loose Silky-bent
f445fe6fb.png,Small-flowered Cranesbill
da5255450.png,Cleavers
2dd5cfba9.png,Cleavers
ba3ce6b3e.png,Scentless Mayweed
239bdf640.png,Charlock
fea355851.png,Fat Hen
7f31c7f42.png,Loose Silky-bent
3abb502fb.png,Loose Silky-bent
592473c83.png,Loose Silky-bent
c35efa095.png,Scentless Mayweed
76555b064.png,Loose Silky-bent
ce42adffb.png,Loose Silky-bent
e0ec5b6a1.png,Black-grass
55920f07f.png,Maize
6edc76e7c.png,Fat Hen
1694a70e4.png,Loose Silky-bent
a8da9c08d.png,Cleavers
534e74d83.png,Fat Hen
b026bf8ca.png,Loose Silky-bent
1f5e5554e.png,Small-flowered Cranesbill
65489944f.png,Small-flowered Cranesbill
67ce3eaa6.png,Small-flowered Cranesbill
c832e4302.png,Fat Hen
490c4f9c8.png,Fat Hen
afa446484.png,Charlock
20817c846.png,Loose Silky-bent
e84464f5a.png,Charlock
521b27a17.png,Loose Silky-bent
67e185673.png,Small-flowered Cranesbill
4c8005bbc.png,Scentless Mayweed
429211ee6.png,Fat Hen
6da892be6.png,Shepherds Purse
8e3ed0a25.png,Small-flowered Cranesbill
3dd52bd2a.png,Small-flowered Cranesbill
809eb0b82.png,Cleavers
e96e57a90.png,Shepherds Purse
adb7a032c.png,Fat Hen
5b63dcc21.png,Cleavers
31f3dd81f.png,Scentless Mayweed
6be169e41.png,Cleavers
07e62f903.png,Maize
4e9d3765f.png,Cleavers
c63da993b.png,Common wheat
03e322a29.png,Sugar beet
b62dca166.png,Small-flowered Cranesbill
ad12382d4.png,Scentless Mayweed
bb1c84bbc.png,Loose Silky-bent
c7051c902.png,Common Chickweed
17a78fb44.png,Fat Hen
3d38a87bc.png,Loose Silky-bent
8e6ec1ca6.png,Small-flowered Cranesbill
efe19dc32.png,Charlock
ede6b84b4.png,Cleavers
0ebf8f2f4.png,Maize
43ede9de9.png,Charlock
5b3beec58.png,Loose Silky-bent
4823c3ffa.png,Loose Silky-bent
29bab7cad.png,Fat Hen
3eebd36c6.png,Charlock
2a667e099.png,Sugar beet
6b9d6f8c9.png,Fat Hen
b828443ff.png,Maize
85431c075.png,Loose Silky-bent
d5f7dd60a.png,Common Chickweed
8a4d3a1b1.png,Scentless Mayweed
c5e419015.png,Fat Hen
dce2f6612.png,Common Chickweed
36ed4f215.png,Sugar beet
1376f3b63.png,Loose Silky-bent
0c45ace27.png,Common Chickweed
ace8761dd.png,Fat Hen
bdde957ec.png,Fat Hen
98da6ef4e.png,Loose Silky-bent
410e6f702.png,Cleavers
d6c8c3c48.png,Small-flowered Cranesbill
0e8492cb1.png,Maize
74d810f87.png,Loose Silky-bent
3f64c2c1b.png,Sugar beet
38c054379.png,Shepherds Purse
a935ca110.png,Loose Silky-bent
25fa8d109.png,Fat Hen
e5297b675.png,Loose Silky-bent
55a852f40.png,Common Chickweed
5296835a0.png,Small-flowered Cranesbill
b7a7f6390.png,Fat Hen
79e5ea8fa.png,Common wheat
ae90f2827.png,Common Chickweed
8a32d0bfa.png,Small-flowered Cranesbill
c1ecff98b.png,Loose Silky-bent
97b2f0a10.png,Charlock
0751c0bbc.png,Sugar beet
172f9b10b.png,Common Chickweed
4e1190d78.png,Loose Silky-bent
29ce426a1.png,Common Chickweed
6049234e6.png,Fat Hen
a8388a37f.png,Fat Hen
bebcaab66.png,Fat Hen
37297a64c.png,Sugar beet
063363305.png,Small-flowered Cranesbill
5ee9d0a5b.png,Loose Silky-bent
780defa2e.png,Shepherds Purse
acdb75e00.png,Loose Silky-bent
444473900.png,Common Chickweed
39b740f7e.png,Loose Silky-bent
9c8b08a24.png,Loose Silky-bent
1dc7c45df.png,Loose Silky-bent
97844bfd5.png,Shepherds Purse
36839d5e9.png,Loose Silky-bent
406ecb5c5.png,Charlock
897e5a8de.png,Cleavers
cf3a8b2fd.png,Black-grass
a254d71f6.png,Fat Hen
4f44ca525.png,Fat Hen
8dbb8e1b9.png,Small-flowered Cranesbill
c7b07431e.png,Scentless Mayweed
a19c3faca.png,Cleavers
c26ccf73c.png,Shepherds Purse
1c52ea820.png,Fat Hen
466bb6d3b.png,Maize
115f93ecc.png,Loose Silky-bent
a276c65f7.png,Loose Silky-bent
30ad31220.png,Charlock
5883b423d.png,Loose Silky-bent
a3b375b34.png,Loose Silky-bent
edfdb4aeb.png,Black-grass
ef65533d5.png,Fat Hen
f351ce097.png,Common wheat
f23faf9c1.png,Loose Silky-bent
2df78338c.png,Common Chickweed
32b42c120.png,Small-flowered Cranesbill
48d97c645.png,Small-flowered Cranesbill
a5db42f7d.png,Maize
23bc8ec4f.png,Common Chickweed
1191ba346.png,Fat Hen
3eda9cbb6.png,Scentless Mayweed
b98327bf4.png,Fat Hen
6a41bf95b.png,Loose Silky-bent
5bc6595f6.png,Maize
cf46d09c5.png,Shepherds Purse
33448fe39.png,Loose Silky-bent
f4021df6c.png,Fat Hen
8e4eaeec0.png,Fat Hen
96f14d90c.png,Sugar beet
187668bde.png,Loose Silky-bent
7506c0c02.png,Loose Silky-bent
39c8fde99.png,Loose Silky-bent
df521c0c0.png,Loose Silky-bent
8ca6140ca.png,Loose Silky-bent
a74bf916d.png,Shepherds Purse
3281183f9.png,Loose Silky-bent
e478c452c.png,Common Chickweed
3a909ead8.png,Small-flowered Cranesbill
48ef6a2ff.png,Common wheat
52dc7a4d6.png,Common Chickweed
0ad9e7dfb.png,Maize
c6c8d4ba0.png,Scentless Mayweed
74fd477eb.png,Fat Hen
d488a4fe1.png,Common wheat
8cf909eb3.png,Charlock
a0b393945.png,Shepherds Purse
e721c6ac8.png,Scentless Mayweed
606647f64.png,Fat Hen
288564c76.png,Common wheat
25a4c427e.png,Scentless Mayweed
279df95f2.png,Sugar beet
8170d33c1.png,Maize
22fbf13d6.png,Scentless Mayweed
20f983a71.png,Fat Hen
9d3cb4745.png,Fat Hen
be341dbdc.png,Loose Silky-bent
59c6a9f95.png,Cleavers
dc55449b2.png,Black-grass
d515398fd.png,Loose Silky-bent
be2499cf4.png,Common Chickweed
c0bc3997b.png,Black-grass
a93f940d6.png,Loose Silky-bent
fef2ade8c.png,Sugar beet
5ca2687a4.png,Charlock
75cb95e91.png,Cleavers
8303b27ed.png,Loose Silky-bent
721be0a4a.png,Loose Silky-bent
af45e222a.png,Fat Hen
8104422bb.png,Fat Hen
9b9911f20.png,Scentless Mayweed
bea23d9f8.png,Shepherds Purse
e82017baa.png,Loose Silky-bent
e1809cef2.png,Loose Silky-bent
d93c7ab6d.png,Loose Silky-bent
675ec1b0b.png,Small-flowered Cranesbill
d89db156f.png,Small-flowered Cranesbill
6dd095129.png,Common Chickweed
e98e5d1d5.png,Common wheat
fadc6adbc.png,Charlock
41f1c3cdb.png,Fat Hen
82b5f4d33.png,Charlock
8c9953903.png,Fat Hen
699d3c707.png,Sugar beet
e19ad6ac9.png,Charlock
1d0cbd819.png,Loose Silky-bent
506347cfe.png,Charlock
ac3193f78.png,Shepherds Purse
4049a6ea6.png,Loose Silky-bent
1758a1baf.png,Common Chickweed
eef131644.png,Common Chickweed
24d36c52c.png,Fat Hen
87f627bf9.png,Fat Hen
963544aa0.png,Loose Silky-bent
d350a25fa.png,Fat Hen
1f3f44563.png,Maize
ef7a5651d.png,Scentless Mayweed
007b3da8b.png,Sugar beet
258b1183c.png,Common Chickweed
37e545a60.png,Sugar beet
a2b703e21.png,Charlock
9d79a1f0c.png,Small-flowered Cranesbill
377283a21.png,Maize
6ba4ef411.png,Cleavers
d2f422ccb.png,Common Chickweed
6680836dd.png,Sugar beet
8e29abce1.png,Loose Silky-bent
122913909.png,Maize
54b3afd58.png,Charlock
beebe5f4e.png,Loose Silky-bent
cd6adba97.png,Small-flowered Cranesbill
711b46fba.png,Small-flowered Cranesbill
fdea6b119.png,Black-grass
dfb1d9012.png,Loose Silky-bent
df7cb5f87.png,Charlock
8301b0547.png,Charlock
ef74dbcad.png,Loose Silky-bent
1d321253f.png,Common Chickweed
754b1adf8.png,Small-flowered Cranesbill
ab0f67743.png,Loose Silky-bent
f25996db8.png,Small-flowered Cranesbill
539961189.png,Fat Hen
7d3045fc3.png,Common Chickweed
7d22abf91.png,Loose Silky-bent
808cf55c6.png,Common Chickweed
8a8d6c712.png,Charlock
089ad62a7.png,Common Chickweed
3827436f3.png,Fat Hen
c75a82234.png,Loose Silky-bent
a8b431a3e.png,Fat Hen
8311740de.png,Fat Hen
862b8e7a0.png,Common wheat
e5368474f.png,Scentless Mayweed
33748968f.png,Charlock
0c4199daa.png,Loose Silky-bent
0f6cbe5e8.png,Maize
dabe3e5be.png,Cleavers
c6b76307d.png,Cleavers
d01873fdd.png,Loose Silky-bent
c8f50f0c3.png,Sugar beet
90b595f12.png,Fat Hen
1d48b7564.png,Loose Silky-bent
7e9cf1c46.png,Cleavers
cbe761896.png,Maize
79dafec17.png,Loose Silky-bent
8e2e5604e.png,Sugar beet
d41d87796.png,Loose Silky-bent
1be0713da.png,Cleavers
9df3275da.png,Small-flowered Cranesbill
e7077322d.png,Fat Hen
aee6fa3df.png,Loose Silky-bent
599c82eea.png,Loose Silky-bent
8bc0261c9.png,Scentless Mayweed
71b232519.png,Loose Silky-bent
fa5fd1384.png,Charlock
6bce55e05.png,Cleavers
668c1007c.png,Charlock
e4a76885b.png,Maize
9fab816f2.png,Fat Hen
1926e82fd.png,Loose Silky-bent
d2f0f326e.png,Fat Hen
3fbd0fc6a.png,Common Chickweed
55251925f.png,Fat Hen
76dbd1054.png,Loose Silky-bent
c50335991.png,Cleavers
4e69d100a.png,Small-flowered Cranesbill
afcf6abd5.png,Small-flowered Cranesbill
752101fdf.png,Small-flowered Cranesbill
cae684f8f.png,Charlock
800a8c17e.png,Fat Hen
74068643d.png,Loose Silky-bent
593896f83.png,Common Chickweed
fbf88b6be.png,Charlock
391dcd7fd.png,Scentless Mayweed
52a87abe5.png,Sugar beet
6d6eb3830.png,Small-flowered Cranesbill
41e07778c.png,Cleavers
b3e08b037.png,Charlock
d84d37a61.png,Fat Hen
03566743d.png,Cleavers
5ca0205f9.png,Cleavers
8c98a6e9b.png,Loose Silky-bent
fe29629fb.png,Common Chickweed
9c0c5b731.png,Black-grass
3526b05cc.png,Scentless Mayweed
aa7d098d1.png,Common Chickweed
2a5064f19.png,Common Chickweed
f8318faf1.png,Loose Silky-bent
808578ed5.png,Charlock
486e59179.png,Shepherds Purse
14bb43eee.png,Common wheat
bffc08672.png,Fat Hen
3d65168c2.png,Shepherds Purse
88d8a4508.png,Common wheat
5a6bf96f6.png,Maize
b3d6fdb80.png,Small-flowered Cranesbill
4bbfd1e05.png,Small-flowered Cranesbill
e15fce4f2.png,Common wheat
8874bba69.png,Loose Silky-bent
599691cd9.png,Small-flowered Cranesbill
f2dc546ca.png,Cleavers
ce3d280eb.png,Sugar beet
976e4e079.png,Small-flowered Cranesbill
b30ab4659.png,Small-flowered Cranesbill
523e5505c.png,Fat Hen
24dbc3b21.png,Fat Hen
e5e3dccff.png,Common wheat
b6a3f7876.png,Fat Hen
b944a49ca.png,Loose Silky-bent
9aa5587fe.png,Loose Silky-bent
e9cd91682.png,Common Chickweed
2bd74d2da.png,Loose Silky-bent
16357b436.png,Loose Silky-bent
93079d970.png,Fat Hen
e73e308be.png,Fat Hen
a890ac088.png,Small-flowered Cranesbill
3185294c8.png,Loose Silky-bent
35ebe165c.png,Black-grass
a35fd6fbb.png,Common wheat
8ece6efec.png,Fat Hen
aaf4da98f.png,Sugar beet
b5c7fd009.png,Fat Hen
cec5bf198.png,Loose Silky-bent
bb7621cb3.png,Fat Hen
5eb9c26a6.png,Loose Silky-bent
855955aaf.png,Small-flowered Cranesbill
35cf9fa01.png,Small-flowered Cranesbill
65d08b894.png,Fat Hen
ffc6f8527.png,Common wheat
f593c9cf0.png,Fat Hen
c0461776c.png,Common Chickweed
53e6e9000.png,Common Chickweed
177d7e2a4.png,Fat Hen
b03397525.png,Loose Silky-bent
24c94a6ca.png,Sugar beet
88ac6df54.png,Loose Silky-bent
eaf0815e2.png,Small-flowered Cranesbill
f3fcfff1b.png,Small-flowered Cranesbill
071cb3ece.png,Fat Hen
78c5fba1d.png,Common Chickweed
abc331628.png,Sugar beet
66ab0e8d0.png,Charlock
827279bad.png,Fat Hen
592cc5b89.png,Fat Hen
e1abb4ff9.png,Sugar beet
0c51bf229.png,Maize
64fe8beb9.png,Fat Hen
3e9f41817.png,Loose Silky-bent
31fcdc161.png,Maize
60f0bc617.png,Small-flowered Cranesbill
7b21ba6ba.png,Fat Hen
19fdf19fb.png,Common Chickweed
bb64660b7.png,Fat Hen
61b044411.png,Loose Silky-bent
c88ebfb47.png,Small-flowered Cranesbill
4bcdaa5e2.png,Shepherds Purse
93d76fd5d.png,Small-flowered Cranesbill
a85fc8c9a.png,Small-flowered Cranesbill
56a01b835.png,Charlock
df11d56a7.png,Fat Hen
d8f4923f8.png,Scentless Mayweed
bfab3e3d0.png,Fat Hen
98d819587.png,Charlock
b29339405.png,Loose Silky-bent
60fea2ef6.png,Fat Hen
892e9d6c6.png,Common wheat
618de3d7a.png,Charlock
a4b61a4ea.png,Loose Silky-bent
b215531dd.png,Shepherds Purse
aecfaed64.png,Small-flowered Cranesbill
b0acaff4a.png,Loose Silky-bent
ab35453cb.png,Cleavers
c0d9e170b.png,Small-flowered Cranesbill
f9ea23fb5.png,Fat Hen
d7017f701.png,Sugar beet
c64370a72.png,Fat Hen
91e469b4a.png,Charlock
060450d79.png,Common Chickweed
a006a475c.png,Shepherds Purse
5c3cd7ea2.png,Loose Silky-bent
fea1d13d6.png,Shepherds Purse
2406d6c99.png,Shepherds Purse
837ac0270.png,Fat Hen
99569b224.png,Fat Hen
cf90fc52d.png,Maize
0dba99002.png,Fat Hen
e471f1d3a.png,Charlock
80e299ae9.png,Shepherds Purse
b7ad92859.png,Common Chickweed
16467a950.png,Loose Silky-bent
d668409ff.png,Black-grass
589e643b8.png,Small-flowered Cranesbill
e4d5ec761.png,Fat Hen
9643fc5f4.png,Charlock
20ea96bcc.png,Shepherds Purse
ef9676433.png,Maize
966ae5ad9.png,Loose Silky-bent
0c27cf05f.png,Loose Silky-bent
4ac29bbf0.png,Shepherds Purse
d14aa43f3.png,Small-flowered Cranesbill
003d61042.png,Sugar beet
e3f50adfc.png,Fat Hen
770a265f5.png,Small-flowered Cranesbill
1623fb9e1.png,Sugar beet
5dcad9a53.png,Cleavers
3f92d8039.png,Scentless Mayweed
17d5e5ac4.png,Loose Silky-bent
86c309150.png,Common Chickweed
65e97117e.png,Scentless Mayweed
8916793ce.png,Small-flowered Cranesbill
f66ae4070.png,Maize
b1cd2a91e.png,Cleavers
4c5ab9b68.png,Cleavers
248436078.png,Cleavers
4e18ab737.png,Cleavers
c60e91e07.png,Loose Silky-bent
1b6a6494d.png,Fat Hen
165681fd9.png,Cleavers
7696badea.png,Loose Silky-bent
0d117d910.png,Fat Hen
79fba50db.png,Small-flowered Cranesbill
16fd2e01a.png,Small-flowered Cranesbill
7fdb7202d.png,Loose Silky-bent
8ab8a958b.png,Sugar beet
47b7d8e17.png,Small-flowered Cranesbill
6908fb540.png,Fat Hen
1b490196c.png,Charlock
78750e0ff.png,Charlock
54c8bb900.png,Charlock
fc6f686fb.png,Sugar beet
5af1d74ee.png,Fat Hen
5bbc0a255.png,Fat Hen
c5e88cd42.png,Common Chickweed
42e7ed442.png,Shepherds Purse
92292055d.png,Shepherds Purse
7a38416be.png,Charlock
cfb18d262.png,Loose Silky-bent
7f9e9565d.png,Scentless Mayweed
6b721f68e.png,Loose Silky-bent
f33e9d918.png,Loose Silky-bent
26852751a.png,Charlock
53ceb4657.png,Shepherds Purse
a060c1cf8.png,Maize
34dd57ca9.png,Loose Silky-bent
cfd8165e9.png,Charlock
0caeda5df.png,Common Chickweed
fc3e58836.png,Fat Hen
50de8a115.png,Charlock
b130a0632.png,Charlock
995c7ab1e.png,Common wheat
71f5323c5.png,Loose Silky-bent
a55d26a4c.png,Fat Hen
721b2c47a.png,Common Chickweed
fd925f542.png,Fat Hen
d09d24c58.png,Loose Silky-bent
79d93bc96.png,Loose Silky-bent
e52493d0b.png,Common wheat
856f2910a.png,Small-flowered Cranesbill
5b3000b9a.png,Maize
0bf7bfb05.png,Loose Silky-bent
780bd2a2c.png,Fat Hen
dd9f36df7.png,Small-flowered Cranesbill
46c14fde2.png,Loose Silky-bent
9516e56c4.png,Loose Silky-bent
835dc5447.png,Small-flowered Cranesbill
fda39e16f.png,Maize
03a2ee656.png,Shepherds Purse
4a337a4a9.png,Fat Hen
590f5aea6.png,Charlock
974959ec1.png,Fat Hen
7615e52d3.png,Common Chickweed
a800caead.png,Sugar beet
8455169fe.png,Fat Hen
1e095a7e1.png,Small-flowered Cranesbill
1541bdb2e.png,Charlock
59358cd44.png,Small-flowered Cranesbill
a83820a2c.png,Fat Hen
8a30b2de3.png,Black-grass
f4caf74f9.png,Small-flowered Cranesbill
9326bda1b.png,Charlock
4b032563b.png,Shepherds Purse
39d569be4.png,Loose Silky-bent
026716f9b.png,Loose Silky-bent
c7eb96871.png,Common wheat
8585f9718.png,Loose Silky-bent
f9b6bfb00.png,Common Chickweed
37c3108d6.png,Charlock
e88bf0db9.png,Cleavers
06d12f6fa.png,Common Chickweed
a8de7c1b7.png,Loose Silky-bent
fe9e87b78.png,Common Chickweed
0fb233ad6.png,Small-flowered Cranesbill
ef02b4ee7.png,Fat Hen
632156793.png,Fat Hen
7691014a1.png,Small-flowered Cranesbill
9c777333d.png,Shepherds Purse
de0b79659.png,Common Chickweed
a2d25b4f3.png,Cleavers
866be78b0.png,Small-flowered Cranesbill
a74d475c2.png,Fat Hen
c2de6020a.png,Small-flowered Cranesbill
5e6a237f2.png,Fat Hen
35a90f8d0.png,Scentless Mayweed
bb20fce02.png,Fat Hen
d6d80a321.png,Loose Silky-bent
dc4cd56a3.png,Loose Silky-bent
ac75d3326.png,Scentless Mayweed
1cfd91582.png,Charlock
5bdcfa329.png,Loose Silky-bent
61dd2cdc5.png,Shepherds Purse
2e86f1085.png,Fat Hen
fb022edf9.png,Fat Hen
56112b92c.png,Small-flowered Cranesbill
e921021a8.png,Fat Hen
3edf5e9ef.png,Loose Silky-bent
148bbda66.png,Charlock
824f5d4e5.png,Sugar beet
5315c2dca.png,Loose Silky-bent
270b939cf.png,Cleavers
1364b297a.png,Cleavers
0885e7690.png,Fat Hen
f48916a8c.png,Shepherds Purse
953496deb.png,Small-flowered Cranesbill
b9062c1c8.png,Cleavers
cc74feadc.png,Loose Silky-bent
2d5058a59.png,Fat Hen
39858776a.png,Cleavers
4392d93cf.png,Fat Hen
f4ad9d950.png,Sugar beet
f0ffa00bd.png,Sugar beet
558aa7deb.png,Loose Silky-bent
63c07d340.png,Common wheat
851c90831.png,Fat Hen
8faadb6a8.png,Sugar beet
02cfeb38d.png,Loose Silky-bent
456d507c0.png,Charlock
b687160f5.png,Small-flowered Cranesbill
11d3f68ff.png,Loose Silky-bent
e9d48d664.png,Small-flowered Cranesbill
29f49cd0b.png,Fat Hen
c74c5b7fc.png,Shepherds Purse
647689543.png,Loose Silky-bent
55fed435f.png,Maize
b573b7a56.png,Loose Silky-bent
6982a9d30.png,Cleavers
b145ba9d4.png,Loose Silky-bent
1bf9b94a6.png,Loose Silky-bent
8b9144917.png,Cleavers
e783f5a4f.png,Fat Hen
958bb9e96.png,Charlock
25cf6eb73.png,Maize
2b55a2da2.png,Charlock
48231e475.png,Fat Hen
03ef36742.png,Common wheat
00d090cde.png,Scentless Mayweed
ef3e232ad.png,Shepherds Purse
19e58cc5e.png,Fat Hen
8cfd98117.png,Loose Silky-bent
7b52585da.png,Scentless Mayweed
71e73a8a0.png,Sugar beet
c06e7c748.png,Fat Hen
4f83143e1.png,Charlock
59b2c6f2b.png,Common Chickweed
00c47e980.png,Fat Hen
8f523520c.png,Shepherds Purse
3f826b318.png,Fat Hen
fea3da57c.png,Sugar beet
e15472085.png,Fat Hen
446f7da01.png,Loose Silky-bent
2d992d1fb.png,Fat Hen
60ee66ddd.png,Cleavers
a169b71e7.png,Charlock
77ccb8b2a.png,Small-flowered Cranesbill
4287d810c.png,Fat Hen
a1e0a6c02.png,Fat Hen
2126dc71b.png,Fat Hen
44e8b8833.png,Small-flowered Cranesbill
241e6935a.png,Fat Hen
d563be369.png,Fat Hen
550a8b7e6.png,Small-flowered Cranesbill
19b51843a.png,Cleavers
ff65bc002.png,Charlock
32c86784b.png,Common wheat
32a8c8a1d.png,Fat Hen
ce15eee52.png,Charlock
3b73c3b61.png,Black-grass
1459e96a0.png,Shepherds Purse
a0f37c726.png,Small-flowered Cranesbill
7d4cd07ad.png,Fat Hen
060f1dc84.png,Cleavers
d102e1a15.png,Cleavers
abf8b0772.png,Loose Silky-bent
3d67c434b.png,Loose Silky-bent
969a851be.png,Loose Silky-bent
c10db7ae2.png,Maize
615d2b0a9.png,Fat Hen
6df8e31ea.png,Common Chickweed
dabea05f4.png,Fat Hen
00ef713a8.png,Common Chickweed
96ecad7a1.png,Small-flowered Cranesbill
8d6991365.png,Loose Silky-bent
1d56351b2.png,Shepherds Purse
3bbef3ecb.png,Fat Hen
e80a259c5.png,Small-flowered Cranesbill
1821eb11a.png,Fat Hen
b47691c08.png,Scentless Mayweed
653193c1a.png,Fat Hen
86f08e6d1.png,Fat Hen
47f9e5d91.png,Common Chickweed
da9ef7858.png,Charlock
0c5f6c493.png,Scentless Mayweed
a8c8a1db0.png,Small-flowered Cranesbill
223e4af09.png,Cleavers
4c7838de4.png,Fat Hen
6edb96d45.png,Fat Hen
fd87b36ae.png,Loose Silky-bent
e14afa235.png,Fat Hen
cd5f0db1c.png,Charlock
686dc7ec8.png,Loose Silky-bent
f1e87cba7.png,Sugar beet
6c874918c.png,Loose Silky-bent
1c680883c.png,Loose Silky-bent
01291174f.png,Fat Hen
d3331e071.png,Common Chickweed
f6d250856.png,Shepherds Purse
98062cd87.png,Common Chickweed
04814f36d.png,Fat Hen
69d1669f8.png,Charlock
2d9c798f9.png,Small-flowered Cranesbill
19618ad6a.png,Fat Hen
7beb2766f.png,Loose Silky-bent
e5064f6be.png,Fat Hen
a3d0031fd.png,Loose Silky-bent
8db450ce3.png,Fat Hen
bb1d1bfd3.png,Maize
5f04aed97.png,Small-flowered Cranesbill
cc3d2a59a.png,Fat Hen
86676d627.png,Common Chickweed
fd253a74e.png,Cleavers
502dff972.png,Charlock
3fbf1a417.png,Cleavers
1fefb54b7.png,Fat Hen
e6f1211a2.png,Fat Hen
0021e90e4.png,Cleavers
d0152bd7c.png,Sugar beet
4bbf1f6ea.png,Common Chickweed
a544fc46d.png,Common wheat
9cce7328c.png,Loose Silky-bent
da231c97f.png,Cleavers
26e7ae885.png,Fat Hen
1f290e016.png,Fat Hen
0437393b1.png,Fat Hen
3ebbe9ca4.png,Charlock
0086a6340.png,Common Chickweed
e1a0e3202.png,Loose Silky-bent
338c7e907.png,Small-flowered Cranesbill
a2c89c367.png,Charlock
785a73ab8.png,Common Chickweed
c5078bac5.png,Black-grass
37714071b.png,Shepherds Purse
aad8375e0.png,Fat Hen
05341a8a6.png,Fat Hen
0ae6668fa.png,Loose Silky-bent
cbba27d89.png,Maize
948cdb277.png,Cleavers
116b136de.png,Sugar beet
caa2fbd79.png,Common Chickweed
12625488b.png,Common Chickweed
d09275360.png,Sugar beet
5bd71f445.png,Fat Hen
b31292706.png,Common Chickweed
6db684fff.png,Scentless Mayweed
cb496f36e.png,Loose Silky-bent
4b155fb07.png,Maize
e901b0f28.png,Fat Hen
043449b0b.png,Fat Hen
cadab6616.png,Small-flowered Cranesbill
8d6acbe9b.png,Fat Hen
5779fe8b4.png,Fat Hen
a85b48a95.png,Loose Silky-bent
b39c71707.png,Maize
a1da8be3c.png,Maize
0a64e3e6c.png,Loose Silky-bent
24a058589.png,Charlock
756dd5070.png,Shepherds Purse
08d591441.png,Fat Hen
65e262a6d.png,Charlock
0911d3dee.png,Common Chickweed
e19673dc9.png,Small-flowered Cranesbill
b4c3df835.png,Fat Hen
728eabae1.png,Charlock
9baf94467.png,Common wheat
085974290.png,Fat Hen
bf66b9cd2.png,Maize
71334c634.png,Maize
d9c50616e.png,Sugar beet
fba8fc78a.png,Loose Silky-bent
20e562fd5.png,Fat Hen
73260a4ee.png,Fat Hen
5a38ac566.png,Loose Silky-bent
b6f3d8b5d.png,Scentless Mayweed
17529c555.png,Common Chickweed
604dd663f.png,Common Chickweed
8b043093d.png,Charlock
099b961ec.png,Small-flowered Cranesbill
c85ef220d.png,Common Chickweed
ec08a5d56.png,Shepherds Purse
f4234cf4f.png,Fat Hen
da4ed3a28.png,Charlock
bf3924a57.png,Shepherds Purse
9c32a797e.png,Common Chickweed
5817b766d.png,Small-flowered Cranesbill
219fd68d5.png,Fat Hen
c069fc3fa.png,Sugar beet
dd5ec63d9.png,Sugar beet
f9f35cbd4.png,Common Chickweed
cb76a7766.png,Fat Hen
7c85b0265.png,Loose Silky-bent
2f246d688.png,Small-flowered Cranesbill
bd72d4d8a.png,Fat Hen
fa9f3a8f9.png,Cleavers
d6d31dcbe.png,Loose Silky-bent
2f0004a7f.png,Small-flowered Cranesbill
d0cdc768f.png,Fat Hen
a7bd7cadb.png,Sugar beet
3efa1f66c.png,Fat Hen
1312065a5.png,Cleavers
b7192c70f.png,Common wheat
7cabd68cc.png,Loose Silky-bent
0ee4ad224.png,Fat Hen
13b9fa92d.png,Sugar beet
b341d0aab.png,Common Chickweed
87608f7aa.png,Charlock
d2fd9df40.png,Loose Silky-bent
23e480e64.png,Shepherds Purse
c4ed8ed38.png,Charlock
99036c51d.png,Loose Silky-bent
bd789d151.png,Shepherds Purse
2ff5cb348.png,Fat Hen
a9d2eab61.png,Loose Silky-bent
c7ae30f3a.png,Scentless Mayweed
9a3f20121.png,Loose Silky-bent
664194d19.png,Small-flowered Cranesbill
59f62ad1d.png,Loose Silky-bent
eec1079a1.png,Charlock
dcd7ff249.png,Loose Silky-bent
406162ef9.png,Charlock
b4f7c9214.png,Loose Silky-bent
24d78df74.png,Fat Hen
fda0b5c38.png,Fat Hen
205df1df3.png,Fat Hen
0d31e6602.png,Cleavers
7f46a71db.png,Sugar beet
78b1bf91a.png,Fat Hen
0625f063b.png,Cleavers
f85ed9b6d.png,Small-flowered Cranesbill
126a71ce0.png,Charlock
f1f7c833f.png,Small-flowered Cranesbill
8cf2e3e6c.png,Cleavers
d689256be.png,Sugar beet
d17f48d3b.png,Common Chickweed
4ea7493d5.png,Sugar beet
659412b1a.png,Loose Silky-bent
9b4800b42.png,Cleavers
22e79540f.png,Charlock
c0f5d9ac8.png,Shepherds Purse
3da774107.png,Sugar beet
36d62bf36.png,Common wheat
a38b8a581.png,Small-flowered Cranesbill
6a47821f9.png,Loose Silky-bent
2ea664465.png,Fat Hen
33317fc2a.png,Fat Hen
8b27bfd2b.png,Small-flowered Cranesbill
59e1cea8d.png,Cleavers
2693e5c65.png,Maize
c10ccbd82.png,Common wheat
e5881dd33.png,Fat Hen
